{
  "urls": [
    "ch6.ogg",
    "ch6.m4a"
  ],
  "sprite": {
    "silence": [
      0,
      1000,
      true
    ],
    "GoldBar6": [
      1050,
      1397.2108843537414
    ],
    "LuckyNumberSelect_RevealAll": [
      3100,
      1633.3333333333333
    ],
    "YourNumberSelect_4": [
      5150,
      948.3446712018138
    ]
  }
}