{
  "urls": [
    "ch3.ogg",
    "ch3.m4a"
  ],
  "sprite": {
    "silence": [
      0,
      1000,
      true
    ],
    "BetMax": [
      1050,
      996.5079365079366
    ],
    "GoldBar3": [
      2100,
      1388.7074829931971
    ],
    "LuckyNumberSelect_1": [
      4150,
      1343.4013605442176
    ],
    "YourNumberSelect_1": [
      6200,
      1037.9591836734692
    ]
  }
}