{
  "urls": [
    "ch5.ogg",
    "ch5.m4a"
  ],
  "sprite": {
    "silence": [
      0,
      1000,
      true
    ],
    "GoldBar5": [
      1050,
      1406.689342403628
    ],
    "LuckyNumberSelect_3": [
      3099.9999999999995,
      1197.8458049886624
    ],
    "WheelBonusTransition": [
      5150,
      6786.485260770975
    ],
    "YourNumberSelect_3": [
      12200.000000000002,
      948.3673469387757
    ]
  }
}