{
  "urls": [
    "ch7.ogg",
    "ch7.m4a"
  ],
  "sprite": {
    "silence": [
      0,
      1000,
      true
    ],
    "GoldBar7": [
      1050,
      1416.8027210884354
    ],
    "PrizeBonusReveal": [
      3100.0000000000005,
      2600.0680272108843
    ],
    "WheelBonusReveal": [
      6150,
      3216.1904761904766
    ],
    "YourNumberSelect_5": [
      10200.000000000002,
      948.3673469387757
    ]
  }
}