{
  "urls": [
    "ch1.ogg",
    "ch1.m4a"
  ],
  "sprite": {
    "silence": [
      0,
      1000,
      true
    ],
    "BackgroundMusicTerm_LOSE": [
      1050,
      716.031746031746
    ],
    "BackgroundMusicTerm_WIN": [
      2100,
      3630.249433106576
    ],
    "BetDown": [
      6150,
      521.7233560090699
    ],
    "Collect": [
      7200,
      4929.138321995466
    ],
    "GoldBar1": [
      12250.000000000002,
      1411.0430839002265
    ],
    "NumberMatch": [
      14300,
      2409.7505668934255
    ],
    "SpinButton": [
      17350,
      6706.371882086167
    ]
  }
}