{
  "urls": [
    "ch10.ogg",
    "ch10.m4a"
  ],
  "sprite": {
    "silence": [
      0,
      1000,
      true
    ],
    "InstantWin2x": [
      1050,
      3377.823129251701
    ],
    "WheelBonusTriggered": [
      5100.000000000001,
      6786.4852607709745
    ]
  }
}