{
  "urls": [
    "ch11.ogg",
    "ch11.m4a"
  ],
  "sprite": {
    "silence": [
      0,
      1000,
      true
    ],
    "9_GoldBars": [
      1050,
      717.1655328798186
    ],
    "BagDrop": [
      2100,
      1029.206349206349
    ],
    "NumberMatch": [
      4150,
      2409.7505668934236
    ],
    "WheelCashWin": [
      7200,
      1452.6077097505672
    ]
  }
}