{
  "urls": [
    "ch2.ogg",
    "ch2.m4a"
  ],
  "sprite": {
    "silence": [
      0,
      1000,
      true
    ],
    "BetUp": [
      1050,
      508.684807256236
    ],
    "BuyButton": [
      2100,
      1189.2290249433106
    ],
    "GoldBar2": [
      4150,
      1413.8095238095243
    ],
    "NumberMatch": [
      6200.000000000001,
      2409.7505668934236
    ]
  }
}