{
  "urls": [
    "ch4.ogg",
    "ch4.m4a"
  ],
  "sprite": {
    "silence": [
      0,
      1000,
      true
    ],
    "GoldBar4": [
      1050,
      1411.5419501133786
    ],
    "LuckyNumberSelect_2": [
      3100,
      1371.2925170068027
    ],
    "Transition": [
      5150,
      3981.2018140589576
    ],
    "UI_Click": [
      9200.000000000002,
      72.83446712018105
    ],
    "YourNumberSelect_2": [
      10250,
      948.5941043083894
    ]
  }
}