{
  "urls": [
    "ch9.ogg",
    "ch9.m4a"
  ],
  "sprite": {
    "silence": [
      0,
      1000,
      true
    ],
    "GoldBar9": [
      1050,
      1385.6916099773239
    ],
    "InstantWin": [
      3099.9999999999995,
      3076.825396825397
    ],
    "PrizeBonusReveal": [
      7149.999999999999,
      2600.0680272108834
    ],
    "PrizeBonusTriggered": [
      10200,
      7148.616780045351
    ]
  }
}